"pad_id","source","ghgrp","total_gas_prod_mcf_vol_Jan","total_gas_prod_mcf_vol_Feb","total_gas_prod_mcf_vol_Mar","total_gas_prod_mcf_vol_Apr","total_gas_prod_mcf_vol_May","total_gas_prod_mcf_vol_Jun","total_gas_prod_mcf_vol_Jul","total_gas_prod_mcf_vol_Aug","total_gas_prod_mcf_vol_Sep","total_gas_prod_mcf_vol_Oct","total_gas_prod_mcf_vol_Nov","total_gas_prod_mcf_vol_Dec","age","total_prod","prod_strata"
20,"aerial",0,4630.51981998616,7446.48962539048,10793.1929369708,10034.2908959833,9899.33065201019,8913.86849001392,8289.6873466649,9168.5637394536,7863.36662470093,7692.6454560775,7840.34663498288,6877.17904906576,14,99449.4812713004,"Standard"
113,"psna",0,5286.63642327376,4727.98938998855,3251.01984863555,53901.3714898071,73310.9827397366,54019.3530979235,41446.1915293174,38280.1606517552,29969.9022140299,27143.6580033516,21233.1831749036,21749.6765493579,13,374320.125112081,"Standard"
90,"aerial",1.24484541376191,1891.51760911274,3788.00719591951,4416.10360491954,2724.2573081248,4369.55338457498,4434.52718069619,3674.75654657027,48.3795769959856,3401.07709510742,4715.7500919411,4030.56180793382,4564.12078362496,13,42058.6121855213,"Standard"
114,"psna",2.42461205544232,4483.28985766498,3698.22500154113,2897.12536486772,0,4048.55305854635,5465.22237162254,4066.01389590049,1388.92866568057,2095.3369731718,256227.311949823,1023965.31622992,1005946.89820287,4,2314282.2215716,"High"
97,"aerial",0.292281965785172,2207.52388205593,2444.32798348391,2449.91920707672,2290.66241991671,1479.44690224139,491.885690393396,577.691725102103,532.862244956793,1631.24491998777,2574.78492882126,1231.74252096876,2596.51710253593,13,20508.6095275407,"Marginal"
146,"psna",1.69108628284896,62914.6777721663,48796.9644824863,52343.7430098801,43088.0761024805,39667.1356856254,33244.7896443428,33100.0046752262,31123.009465113,27697.367389233,25866.8730860152,25642.7045380505,23096.7965824938,13,446582.142433113,"Standard"
137,"psna",0,10618.7099509081,8723.67344364744,6004.27081776404,9179.69173158061,287.483364042692,205.404940870129,350.232477257001,228.940530855263,549.959900742838,241.591449402561,122.972202794132,12277.646931266,13,48790.5777411309,"Standard"
120,"psna",0.542910286200516,31826.0661682427,23202.055908125,19345.0050070717,17264.9968424885,14350.2950239164,12534.4087442913,11707.3896831294,10669.003195418,9241.92489657929,8380.56386543112,8637.04609953317,8229.70664095969,10,175388.462075186,"Standard"
136,"psna",0,8694.56046444162,8654.13069102597,9398.41760193939,8718.39494889161,9753.11516186833,7688.21877536804,9278.11361891844,8692.84929437486,8798.05062131935,9964.28679844112,8710.91865308722,9065.56525747534,8,107416.621887151,"Standard"
126,"psna",11.6747166693318,2007430.84121045,1779079.20325041,1970022.22881306,1672818.47623517,1497193.84042654,1405869.53744733,1412254.5822802,1230309.95116139,1074246.8841559,996966.554050662,868699.225090285,823793.663008704,1,16738684.9871301,"High"
198,"psnb",0.627913975248517,95826.3340046843,73539.5043718281,83509.0788632573,47261.8053515419,62696.6216542039,84817.0259506306,79193.773996167,77927.7406066095,79571.0928716428,51815.8411086568,23488.9090432567,102815.212367716,6,862462.940190195,"High"
196,"psnb",5.49877091083302,16791.8045736936,13531.8700401295,11556.2170476214,18601.7203069458,13268.5582271664,11890.718819124,10576.9816417713,8108.33004438445,9537.65191486952,8604.08269518603,9070.30780743239,5599.79273543479,11,137138.035853759,"Standard"
87,"aerial",5.04741228619051,11032.7172415948,7616.87978266917,10468.6090627622,10303.7093121139,8190.59530880842,6714.30362427791,11553.3941176205,10806.1973839118,9657.37083638386,8052.12522988615,10495.7352678587,6651.04967404535,11,111542.686841933,"Standard"
155,"psnb",2.7084350897591,13799.0688643723,15008.1213282214,15264.680818201,12675.0013589856,13637.5152674408,12911.4686636459,13010.9708315249,12175.6296426977,11372.0799420663,12426.8372989826,11235.6049144362,11958.088209715,8,155475.06714029,"Standard"
76,"aerial",0.228232704924867,37650.6370871762,31251.5255906744,36666.1497899374,34769.3971655212,28244.0341107591,40681.1199906555,34330.2354379704,27126.0580974247,37964.4220656581,32577.0919603609,28030.4877082066,29612.2857425163,10,398903.444746861,"Standard"
188,"psnb",1.75959906591966,69968.8779296458,46190.6906267882,66303.6151345398,57925.4790909645,60126.5127818158,55838.3946299786,51074.9261605544,48672.4043853242,32200.8380826889,49078.414369669,21663.9747882396,60134.0363756513,9,619178.16435586,"Standard"
154,"psnb",1.71057043445976,166987.391368648,137860.54073365,451376.800112959,520858.413454483,503274.287123006,401513.754480862,418968.454746661,399420.358590382,381753.922945584,305979.43119685,273910.747493237,313360.891718361,3,4275264.99396468,"High"
23,"aerial",0.489569910841653,20047.6471056158,19286.077486865,22091.9102412083,23899.145065592,23540.6370880254,20710.6746158878,20777.4022000626,22952.760507626,21216.3446369255,21958.9582406422,22035.1571549885,21775.272157529,6,260291.986500968,"Standard"
171,"psnb",33.1536764568931,258801.622118104,214644.240421679,137711.53641808,214755.362002648,98666.8559353397,136336.898667789,108217.516139988,140503.384697443,127522.821808342,11753.9993187689,0,0,3,1448914.23752818,"High"
194,"psnb",1.66694360706238,95673.1232683356,81990.8679433666,93937.4324939363,85565.7682785461,93825.4231976318,78010.0728963289,82793.0728797823,88188.4057436331,79481.6356658019,82961.0432500443,76330.2597501438,68187.5474400031,6,1006944.65280755,"High"
200,"psnb",4.06836943056236,14842.858706009,1948.90192754395,2374.27559635662,1332.85716631938,1377.62205248327,5315.59033520148,3475.09243914721,5088.89117619907,6119.43563992792,6324.88565712415,5664.56286114857,5511.83420209575,12,59376.8077595564,"Standard"
168,"psnb",0.0541509983914062,34538.137055866,0,96741.7900987494,39650.4589040517,54490.9531673919,39636.4021023244,43949.1404431027,35910.7002782073,34687.5937724541,31903.6701795296,15342.5472204879,17935.6690367754,6,444787.06225894,"Standard"
6,"aerial",0.866291212059904,117505.222357319,100450.03710651,80217.7029090141,104779.198699921,112549.320557136,105209.092108066,98191.6647762544,69735.9604802564,70159.9474208966,63024.4122083617,67396.6121032029,65329.7996699973,4,1054548.97039694,"High"
185,"psnb",0.0032428176720443,18462.1195097012,15774.6880362892,14271.096576112,14577.3110630097,14044.3695694868,4782.01021561406,9326.36122904402,2726.51808435953,2172.49996749076,2288.7240766699,2135.66085986748,2210.79025482245,8,102772.149442467,"Standard"
161,"psnb",0.0831176481207193,141386.535137519,126407.693663321,87974.4976418588,139325.631337731,145457.325002386,122401.912738995,126432.043665254,106763.775578363,109499.21858997,103398.229288318,91039.2441581083,92310.3536692433,3,1392396.46047107,"High"
65,"aerial",0.00280680770573743,21592.9296553072,18457.5083460235,18391.8338660889,20800.8685031307,18803.8342370864,17741.136363242,18906.3641186764,16243.0418928623,17943.8462689401,18448.9100879651,20287.7157654373,19437.5120127993,7,227055.501117559,"Standard"
172,"psnb",1.58059090471999,12833.9800378692,12703.696817598,10334.0462454411,9792.14247472965,11618.5843308513,8209.20977324463,13171.4566646496,15800.3100386858,10944.7204208762,16975.877332821,13560.0991392072,16544.0200132878,12,152488.143289262,"Standard"
175,"psnb",1.0745821636067,10507.0944749129,13141.7157107544,13048.3577112418,15362.8880600721,13243.7642121207,10349.8174570496,17442.9999704093,13505.1602048412,12012.958091628,12451.2831739516,11825.2589504836,18286.7289924794,12,161178.027009945,"Standard"
10,"aerial",3.27290619696301,44548.621372113,49759.0444453983,46876.9260293569,40189.3605262983,49779.4295695985,40381.2261258613,45978.3177653354,43166.8200665228,33105.0105855251,28824.6714451074,36371.6983601764,35672.9718750814,7,494654.098166375,"Standard"
180,"psnb",0,5546.78371358789,4417.00337708872,3446.1581579515,6597.46992513119,5933.59687259402,3965.44798133631,4283.58978130503,5618.54936867763,4339.60470516314,5421.43715021092,4657.35266053804,3777.35573206292,10,58004.3494256473,"Standard"
32,"aerial",1.50760707022434,3867.26437741632,5394.91546149758,2261.84656555885,5203.56085790923,4622.92177308721,5972.73047355565,4829.96924071006,3140.16456173105,1946.85684068654,5172.91181587554,4083.04180089566,5137.97634076909,12,51634.1601096928,"Standard"
151,"psnb",8.95755823341424,59220.0891930091,59939.3211401077,59882.9349099788,55800.6469232406,63911.0877556973,48128.5250405403,51795.5342223944,50543.5374730918,46292.3448001271,49376.3828258347,34279.1564893384,29760.8475080736,4,608930.408281434,"Standard"
152,"psnb",0.00147883547265658,6328.00352443105,5634.29471427947,6090.11048614947,5761.66644565282,5185.9746507308,7417.30187141278,5212.82346386402,4907.67166694442,6978.45918761499,6167.35319237961,6882.37094632498,3075.5302722732,12,69641.5604220576,"Standard"
186,"psnb",6.84390249843945,30498.0961207161,28653.0445273593,35648.202261953,27404.8946994643,30672.4257240023,0,0,0,0,0,0,2999.37298420651,11,155876.036317702,"Standard"
156,"psnb",6.1839438771177,24301.3628697162,24632.8286675105,24110.5478901629,19259.6566445111,21104.0638227168,23309.8640649118,19703.9781493731,19430.8555581555,20597.2399057515,22376.8492961558,9649.55271988741,0,12,228476.799588853,"Standard"
40,"aerial",2.15388848430524,12972.2959297651,12855.2519537293,14545.6944681485,15291.7272539822,15073.8915049704,12999.864366747,14097.7367520206,13049.9361108354,12632.0021481811,11250.4683317962,10180.9797370989,11815.7619285495,7,156765.610485824,"Standard"
164,"psnb",0.619376008319555,16798.7304373587,12306.6406982869,18647.170112008,10749.7188791227,19289.1476412447,15254.4355956835,11703.2287112367,48697.885552518,26087.118388183,22445.122935994,23050.7480225139,20470.8435412717,6,245500.790515422,"Standard"
181,"psnb",34.2291545882454,344804.01218691,286355.536943953,164188.128037806,223588.856988738,75977.9501515436,167920.41100801,90239.0297789241,176446.656862362,123271.352790537,112493.876987834,107348.1592491,101541.026229015,3,1974174.99721473,"High"
174,"psnb",5.02037245822385,5753.72967621898,9851.74370645588,5045.39949365088,4088.18500270624,4735.76035194557,7838.21219475735,6633.10116924576,5141.60967861087,5332.40528812181,4537.48546540142,1129.65095290616,37.7357912361661,12,60125.0187712571,"Standard"
173,"psnb",5.78483003038886,30628.7176767561,31084.6611410072,37677.8107855523,35673.5955734295,33043.4918699262,29555.9827548453,27710.1804406095,34087.3275199621,25593.9680071034,18973.1074030094,23064.1472487337,25661.3017041437,6,352754.292125078,"Standard"
42,"aerial",0.0776479032347493,112217.290528841,104491.786500571,96255.1349536654,82032.4159666904,85889.1000153068,67500.5534470522,62343.0488744732,73421.519776318,59399.3876003618,62490.1994613772,57450.5251682818,2567.60689118818,8,866058.569184128,"High"
189,"psnb",8.38057043471217,110875.998915991,96054.5380984168,1075.28577431159,6169.58942853425,115051.944069567,123359.266894636,127237.55675505,134110.895051477,157138.716223715,176962.071140625,129611.47285392,0,9,1177647.33520624,"High"
163,"psnb",17.672921929764,256151.759476714,193472.331458553,171925.537632265,206000.284644713,189487.160211285,138903.386305846,142739.652059258,109703.01178721,191180.551841895,162575.971751812,151431.997804281,132007.670176379,3,2045579.31515021,"High"
192,"psnb",12.9522909163933,64528.7931846798,40054.1090249991,33858.884763754,29848.5857262509,36907.4925596747,25536.907749328,55151.5449151728,38515.2500323461,32460.7471442283,34031.7152806831,26565.5370221578,17885.7943656188,5,435345.361768893,"Standard"
183,"psnb",1.3460718623834,62066.1422093098,55581.9098639996,46704.503755016,44895.2611960428,68205.4156854931,36506.1649511751,57364.4997105218,54158.0519464806,45961.4485349761,53811.3615481882,49582.8680568148,44202.0824604865,5,619039.709918504,"Standard"
33,"aerial",4.84538650069667,22508.3493837139,23770.1068744464,24107.2067227605,22035.0847537559,26476.618447433,18210.6318013658,20762.028953752,16949.4000100554,23952.9426455206,9560.11217272826,0,39733.2230410961,7,248065.704806628,"Standard"
44,"aerial",16.6878033146824,9666.80676360161,6874.50407833409,7590.55720675185,6236.56866600534,8605.10915976669,7289.20297913592,6371.27502529948,9567.71058629325,5225.62030990135,10404.8192913856,9119.41438483358,8376.08577273159,11,95327.6742240404,"Standard"
157,"psnb",0.263802882772017,355527.837990312,294418.467279747,245911.581058751,234869.552518582,252149.767736181,194688.772489079,181648.331440167,121621.65306833,170038.514347152,152002.585515517,143129.458598342,136873.053548115,2,2482879.57559028,"High"
176,"psnb",2.37401997383499,81195.0282168115,67030.1756639021,67982.0455624964,61324.0257075346,61802.6556972578,58124.143595298,55428.7195867538,54208.3675517327,50099.5599713031,49329.6610729907,46786.7631216838,45833.3005093562,3,699144.44625712,"High"
162,"psnb",7.20493831122943,78944.7228008674,58594.1095916008,50626.7333846566,76944.2462358643,78664.0027237189,68096.9466164819,67409.4396669046,24555.01184237,28467.4521152,4794.46921357561,14631.8055149622,5705.16026473853,5,557434.099970941,"Standard"
178,"psnb",0.00409062961787586,11676.020147826,13674.9304797303,15937.0270895132,12107.0631921645,12468.6195909981,9438.62362893759,14085.9567194551,12863.7328914012,13758.2577495841,13196.8036495333,12842.3485512521,9342.70333877054,12,151392.087029166,"Standard"
167,"psnb",1.68894867585779,488621.75170187,394022.897121407,432550.154616278,355447.8468087,412307.578433688,471.553809496148,511764.64620238,361613.59725534,305948.575184502,289053.927244257,37494.7203145801,113715.742122487,3,3703012.99081498,"High"
118,"psna",2.77508334502346,1012083.05786169,870872.278455637,605661.991074442,830367.703465794,749324.533706559,626196.037694713,570110.333097424,506301.603629086,453632.251225796,394353.547733092,314235.984044459,203646.450069758,3,7136785.77205845,"High"
7,"aerial",0.944870198835916,9447.1078858771,8808.16481564241,8906.8033851327,8076.54952372143,10244.2577595853,8597.25682044822,9173.43500175561,6940.58094044418,8453.36801027668,8664.35291258426,5368.80186514261,7087.53850098311,10,99768.2174215936,"Standard"
19,"aerial",2.16232382783833,22530.426499112,21552.7329145023,25666.3728341378,20245.7611125324,24168.9207313311,19802.0261138756,26103.4131585417,17114.307000608,49550.146958338,34319.3186621985,26528.7118839626,22716.7229203829,6,310298.860789523,"Standard"
169,"psnb",5.31652635773795,258576.646890111,217964.095747438,245498.122997868,210784.727299398,152158.731756836,170412.559520507,160732.185143784,158798.595686401,153286.020107099,148846.009591317,140568.527287343,142812.543343859,3,2160438.76537196,"High"
182,"psnb",10.655436927923,17308.4316833586,17074.6383850623,20234.9372689175,16748.1754054176,16675.7144745451,17919.749198308,17697.2539184539,16865.1877534455,16309.150155324,11460.609501371,19957.117369155,15941.8504150471,7,204192.815528406,"Standard"
153,"psnb",5.05950085875515,26219.8303192097,19095.0444247781,23240.5979167334,21187.0674096699,19911.9012496252,20674.8516038046,21216.0935751096,16258.5049327234,18388.8333160047,18696.9432382541,13719.145558769,15964.8456713341,6,234573.659216016,"Standard"
49,"aerial",4.09332738319831,48930.1060611756,41765.6215066824,44760.1274953361,37644.404258078,46037.3178851971,38284.1926879446,41856.6619550531,36835.6685343575,33091.3634977854,42628.0703915612,14243.2694386299,25013.1948396156,9,451089.998551417,"Standard"
187,"psnb",3.07094017710029,1159.03919253103,0,27266.8948052061,91072.5139123466,141848.762786251,127380.83966047,116135.10743726,95690.2989728902,78534.3102153164,81154.2476958012,54150.2529240384,43838.9020472854,11,858231.169649397,"High"
166,"psnb",6.26380236480436,35000.7434486138,33676.2731682533,30365.8666851512,43552.1139347612,36829.9628071919,37303.230959274,28470.5364631449,32654.6985131551,41003.4318955404,39428.1228115306,22354.9858392416,31558.8309018027,5,412198.797427661,"Standard"
11,"aerial",0.562913881446541,0,2205.17559817115,1356.56601291358,2638.50492337531,6574.03608069999,6679.76937718701,6293.55105056332,4869.60530759931,3952.31826124527,4748.70515910278,3640.71599117036,3884.87982063663,13,46843.8275826647,"Standard"
105,"psna",1.92662983546034,955121.053898575,772654.508630888,768469.588049238,505359.422694365,544578.363239164,449780.278482679,412283.308565115,352150.606519977,298580.187091452,251253.128989785,208513.509651736,201480.264460961,5,5720224.22027394,"High"
45,"aerial",0.54104327267233,1264.09253213793,1207.62836111106,1990.74317261572,1690.67340457473,1946.95899908338,709.664709044252,0,0,1021.88144305229,8787.51895432571,48708.286250331,24582.2523784788,13,91909.7002047549,"Standard"
99,"aerial",1.33779367424318,424.977063090507,493.092916864359,358.464251981792,539.394148754284,526.634672750111,394.331334549687,306.264037762999,142.708235330849,197.714831003427,117.056020736634,28.151159898222,0,13,3528.78867272287,"Marginal"
193,"psnb",5.75611478294539,730269.741525142,613449.452882049,495309.956907224,467479.684417478,601896.881160097,731627.670784928,607559.259569209,564226.728433429,567230.701202247,543652.849029334,642199.606462665,685660.847209349,2,7250563.37958315,"High"
88,"aerial",0.00139450803420182,3207.61124076366,5521.41648935416,4730.19955141571,5105.04243164941,4419.85561705842,4414.05937554674,4644.2236040082,4365.4485912877,4544.08665469247,4557.12046661289,4020.44580679344,4012.66376283938,11,53542.1735920222,"Standard"
191,"psnb",1.06792849604007,72829.3047101625,42787.4939662227,45192.3963131368,40155.7739095511,55065.0121923735,41880.1848320154,44127.28355654,41666.5473672398,37174.4716430826,38849.1299244501,34685.8655382728,35250.188186844,8,529663.652139891,"Standard"
179,"psnb",6.0324851016287,624055.853966797,489787.3560635,425009.881188495,333605.843364346,377231.860289967,97657.2698218997,265900.08635744,345601.610232673,307516.286000066,323190.38342997,202802.29050185,136911.45016866,8,3929270.17138566,"High"
159,"psnb",1.73231266892742,496761.013968391,341691.403316035,334317.089790101,176987.593591783,233458.923159848,186815.278082042,202494.690114096,166935.879252358,115803.583300011,20202.4617182268,46517.5710712681,99286.3788727323,3,2421271.86623689,"High"
190,"psnb",4.80580859921149,331365.373740681,271032.646230297,251767.208123162,223536.549175279,214697.498083737,180716.005035403,176538.235148551,134964.885517987,145456.580298242,122866.057307387,133002.217072542,119010.502985436,2,2304953.7587187,"High"
170,"psnb",4.40260602478403,738719.734848237,564766.858090226,653100.883013331,537658.324204159,589128.644269033,509850.380974069,523029.414938301,420202.805420212,393165.189434394,371287.46656438,340164.957689544,301075.749871661,3,5942150.40931755,"High"
25,"aerial",20.1528749233022,667.18979694206,285.180833498058,0,514.921804249839,290.60226146765,171.855279317189,272.006531546307,347.336958237842,262.776828116793,358.560081066509,426.121302778772,0,13,3596.55167722102,"Marginal"
75,"aerial",1.97402394311676,45614.3027473275,43062.0542674147,44736.8032212014,42815.1334370936,45293.9865784985,37675.2809619995,42267.9871191159,36651.9690549505,36459.7267693414,37518.1247240886,31456.0165997458,32690.5263106322,4,476241.91179141,"Standard"
72,"aerial",0.0014449129160923,1451.67460638485,1096.6362872469,686.33839070927,701.957319011537,697.52571022882,864.181536955165,731.573551008763,264.135210492203,875.884863847943,788.463213598083,849.685964517271,826.182137742995,14,9834.2387917438,"Marginal"
93,"aerial",0,2264.92475341124,2010.94033238705,2130.0141788077,1803.02874187873,1809.5223522537,1042.57688204347,1699.50533051624,454.743640661748,303.166383035415,657.938238686252,679.347256580661,732.906233646296,14,15588.6143239085,"Marginal"
41,"aerial",0.482049141599713,458.255015392166,30.7439996484478,4.90555528123479,138.74390723483,2131.05330795702,832.23929056524,1456.72191980241,1003.58462813179,1096.77319256654,1387.8297119651,1194.97220166275,1177.15485906263,13,10912.9775892702,"Marginal"
47,"aerial",0.748853742093268,2298.93095465872,1976.88676721819,2081.81831202837,1848.33956473594,1927.69452963947,1320.86820285625,690.462327805359,52.778363310733,0,0,0,0,14,12197.779022253,"Marginal"
15,"aerial",3.08390099351634,4757.94330885681,2452.38101472114,3686.78686318588,4480.51736038104,4310.82234374106,4243.82169161933,4269.68489993971,3182.36980246887,4640.28035475941,4360.80396237977,3895.54695117107,3567.72657129196,14,47848.6851245161,"Standard"
66,"aerial",0,1713.80740335931,1555.97449512205,1573.43214023539,1333.9917404285,1498.98804133522,1380.46189880525,2108.86842675938,2033.74573610033,1825.73701241881,1701.11211726838,1587.85737971394,1752.39174563165,14,20066.3681371782,"Marginal"
62,"aerial",7.56416360950575,532.186560707501,227.154074744029,266.723231539789,378.497676374598,379.655524010741,218.571915385428,178.532706253216,474.995064694613,171.607154104152,123.898346237263,371.900891355355,173.278676615042,14,3497.00182202173,"Marginal"
59,"aerial",0.00111297927988117,5634.33084258767,5630.80473763462,4298.6028127734,4132.8633908859,4553.24937166723,2454.77828564277,0,93047.7601785719,54853.1184932048,51499.6165519658,42092.2193491307,31671.4202557857,14,299868.764269851,"Standard"
83,"aerial",0.0014686024219899,2269.66668832958,1517.09069820904,2014.02361711866,1734.15677764008,1893.30530276352,1444.35298250371,1672.44457479088,2470.37476441066,1223.91956278147,1215.69261977423,1774.41056295509,401.598321659293,13,19631.0364729362,"Marginal"
29,"aerial",6.71317870763263,4060.09025265045,2654.79339336401,2868.16677684849,2865.3439982635,2185.44098124338,3417.4675614245,5655.05620039117,7103.36424616385,5460.08315911034,6630.76240225312,4695.56405817813,6592.29759819651,13,54188.4306280875,"Standard"
94,"aerial",0,285.372223471722,229.432978437858,143.720540899095,134.752420205711,168.965754169661,202.064274090326,209.977888386909,143.256751049113,86.5077152354117,150.204645359325,62.628903783086,292.525653562749,15,2109.40974865097,"Marginal"
197,"psnb",0.569757271206627,32067.5931979556,27787.3557843904,29114.1009709655,26336.4205846354,24936.3498741245,22863.4354372171,24654.4987210913,21511.5162465606,21177.1628819137,20354.6120381938,17569.7156653308,17561.6917326275,3,285934.453135006,"Standard"
92,"aerial",1.25590843546519,764.415262139003,627.456821740341,446.461809926509,461.277718876023,591.435453977924,530.943841337937,489.6732781767,564.6358618812,585.345853891493,709.335117903468,595.838190241168,906.939000279888,13,7273.75821037165,"Marginal"
34,"aerial",0.702227372817642,43766.6685653912,38696.188890026,36515.4865448103,33785.0693403045,33041.148088473,35405.3596285888,34609.7725538559,28610.6293684007,31022.0226467559,33947.6800111602,28150.6215764521,28345.2392410829,5,405895.886455301,"Standard"
84,"aerial",2.11835258368814,19236.9567465369,11898.1278546194,37410.5652975238,22928.780908638,22424.9933663832,15866.0104246273,18014.9128776948,12042.2910566634,18462.5154438071,13959.1690010355,15360.3433076727,13961.9426344405,5,221566.608919643,"Standard"
8,"aerial",0.556179604944995,805.797173259257,245.788071108169,860.340027957265,565.728664478137,842.325429214836,381.540626400483,596.633810936677,453.751799033897,384.62308149034,657.246387480707,555.659801959208,596.922195387475,14,6946.35706870645,"Marginal"
199,"psnb",3.14842277486198,37349.8275391936,32361.3481559822,19253.1684905061,12748.006553397,12739.8406868444,11877.3642040726,12825.6279762247,3824.82977913343,41.5360189460643,71.1690773684486,158.107847281644,40.2270311155905,4,143291.053360066,"Standard"
43,"aerial",1.01476910313242,1460.72742185859,1376.28221461476,1399.7719082331,1277.07252662888,2228.06402026649,1401.81001245384,1322.71137416072,1448.69969353025,1543.81054322976,1149.43354200116,0,326.235951845477,13,14934.619208823,"Marginal"
85,"aerial",1.31769583375575,1559.95307575254,1050.92604436982,927.615621327021,701.270904312497,486.451360066119,190.713107409592,0,2874.36403322514,3559.87620380631,3108.75311001968,1932.16340144969,1607.1219854891,13,17999.2088472275,"Marginal"
158,"psnb",0.0747273961978523,25081.922693956,10875.3272733944,23793.0203162103,17033.4889926208,28791.9423081847,21619.7918552166,16223.2818208104,15867.1184434357,8922.45010392438,16211.2355473271,20706.5271216241,17284.0403449154,7,222410.14682162,"Standard"
31,"aerial",0.0755530760874458,11645.2009229152,11001.0895684957,10020.3585232305,10428.4626359591,11080.3668425717,4848.19631095894,12557.1839870992,9432.31896368885,10527.6314656702,7341.85797273858,11607.4891833484,10759.7216694852,8,121249.878046161,"Standard"
184,"psnb",2.42647755674542,24513.8372996226,20465.1674826973,21805.9212781599,20079.9955644596,19995.8626561225,16638.70400731,16066.4178481218,14553.8589219322,15278.6363632181,13283.9893713448,13665.6374688299,12946.4647028238,13,209294.492964643,"Standard"
4,"aerial",26.2446993574762,0,94.0048234645749,26.6375869738553,26.3663332203265,82.2134735492191,45.9809633329101,64.2238395305016,173.939187325989,69.1510246026914,27.4762909002921,26.7431281266642,66.1008380201118,13,702.837489047136,"Marginal"
53,"aerial",0.00109971261583743,0,0,0,0,0,0,0,0,0,0,0,0,13,0,"Inactive"
68,"aerial",0.00138865006392799,643.995710870931,543.981190535684,561.674535048451,619.304049523324,628.46633619986,566.575636205302,571.112858642622,600.69636141235,538.863837874494,556.812836759451,566.235008628797,2449.92771872568,13,8847.64608042695,"Marginal"
51,"aerial",0.0445116278598394,0,0,0,0,0,0,0,0,0,0,0,0,6,0,"Inactive"
52,"aerial",1.36766573056773,47737.1484402576,37059.5616716843,38257.268659949,38186.0947743268,36735.2172966008,31228.2786194609,36870.6721389012,32212.9429084738,32805.9997988316,34155.6889375308,30486.5678690107,0,5,395735.441115028,"Standard"
26,"aerial",3.53852798225906,1453.18408451009,1761.822851849,3450.23939242021,1663.51099511856,2774.38682819939,3367.52805015123,4507.06839266155,3483.85611765437,3521.24086099674,3380.66778638917,3034.58655124105,3902.97178883093,13,36301.0637000223,"Standard"
195,"psnb",3.83122139493586,5897.39919571949,5058.08620364667,4618.75882804363,4477.46176475466,4775.85128460034,4328.08598531703,4367.58257385854,4280.76601509424,3499.49742033855,2383.83211217685,2597.0923032638,0,13,46284.4136868138,"Standard"
61,"aerial",0.00145360267294578,753.325759626676,314.152068917177,84.9849191757921,36.782490160379,881.223103272716,345.456912744194,672.83174704984,579.749004204497,527.124980261414,615.291344739864,601.283228107928,535.212480995642,13,5947.41803925612,"Marginal"
79,"aerial",5.81111482250153,2367.23640394751,1289.17338369391,2144.36675085686,2786.84287115525,2347.46226877255,2013.61337904599,1682.00150414003,1557.28013578933,1401.6949237983,2414.0111961677,1560.93111891952,1702.604051238,11,23267.2179875249,"Marginal"
1,"aerial",0,0,0,0,0,0,0,0,0,0,0,0,0,13,0,"Inactive"
80,"aerial",1.61016362677647,48794.591575229,38513.2801013528,45291.202051616,38318.7213550213,43429.4356613367,36519.5601295018,39547.2132962274,35175.9605101949,29139.0130210527,36647.0165493121,28832.0393278304,30600.54961273,5,450808.583191405,"Standard"
130,"psna",3.954232502556,376538.605198055,1753854.61474949,1867767.50817774,1873527.78103409,539233.304651373,0,325637.41553699,1914444.63632766,1655929.70688166,1604916.57256597,1243619.27244455,1241443.88876816,1,14396913.3063357,"High"
67,"aerial",0.0409562752631938,0,0,8004.00263966221,4700.34705599503,4108.78554699422,4264.33067836946,2620.29109582977,44.8666983628805,0,38.9737682145896,5.09034416267856,9221.77293472212,12,33008.460762313,"Standard"
71,"aerial",0.558693041773133,0,0,6573.27420557076,5773.51381831179,2725.27484765851,2941.05672241211,2203.49549402306,2665.7744448829,2211.96166843889,2270.08225321553,2055.01991290127,1233.35516398384,12,30652.8085313987,"Marginal"
13,"aerial",0,2523.79106791922,2229.12124854497,2223.4901224369,2189.99188100193,2152.19000480335,2243.32191212078,2333.03498750005,1974.98143874851,2060.74863719685,2514.98287372032,2132.9319947434,2228.51170208126,13,26807.0978708175,"Marginal"
27,"aerial",0,1029.08714075955,0,9549.14285944827,7031.20695200348,6138.8020697905,5095.80730297917,5837.38650489265,4952.25435420844,4643.58669019587,4209.20597989367,4242.96389527715,1707.92926910876,13,54437.3730185575,"Standard"
22,"aerial",0,2695.05244643613,0,7762.09348592012,1497.2742491091,278.294537439776,146.467836582196,220.053024576088,81.6557534547358,7.71365922320825,0,0,0,13,12688.6049927413,"Marginal"
142,"psna",1.07536023602845,2516.4805171434,2505.68394967196,2464.95632247705,2534.57525258706,2260.38659405932,2202.49435650998,2134.59814935727,2063.80616679685,2488.61744249022,2526.71286257345,2271.69570004036,1912.28781475332,13,27882.2951284602,"Marginal"
17,"aerial",0,50374.1458197743,29855.454747373,24129.62177261,20697.8684497165,18638.2673114999,15714.3723788881,14515.8700103966,11909.8872280664,11012.2464655578,11202.9956976973,10267.7132430143,9307.08045183868,13,227625.523576433,"Standard"
14,"aerial",1.23777184828793,663.056569511948,77.5508952125134,507.841622473341,15151.6652066184,14596.3119872356,6216.2778020228,3276.52984161197,2366.89848299539,824.154432374456,9031.64832589521,7674.80792646147,5821.61519838166,13,66208.3582907948,"Standard"
24,"aerial",1.65794565906966,1673.81561436846,1424.88838425125,623.443796777875,436.259151985928,218.296042206131,71.2591542457564,318.109076782491,364.23577565412,248.677146919887,89.9167515859665,0,351.096647779587,13,5819.99754255745,"Marginal"
77,"aerial",2.01817637075203,2909.01587164498,1981.77985677509,4353.17618357404,6519.5400695351,4236.55731943701,3640.11569427936,1357.78067052963,390.394759090298,1619.52869798599,6578.35833082449,5604.57322927876,5921.24252808419,12,45112.0632110389,"Standard"
63,"aerial",0.452791783337403,178.270321220187,0,613.472602328551,40.817662253903,63.9256773165779,451.33439946154,199.239001024381,382.993921285138,385.333350604397,81.4763483162044,14.7970194053486,38.5648114369265,13,2450.22511465315,"Marginal"
145,"psna",0.671645311310342,126.343275441318,92.573168042227,234.688741869821,12.8943391013987,68.8506284472641,11.1554564403344,87.6178627119183,103.282685265051,69.4304455741067,68.2532079064135,297.066641335283,236.737901842143,13,1408.89435397728,"Marginal"
147,"psna",2.95381420921415,1681.03727235762,1628.89900871407,1827.15167644725,1369.32403190701,1651.95865640337,1820.95551422709,1604.19732807054,1767.88653778375,1152.9693635803,1244.22965459871,1286.71533369799,1725.88101956378,12,18761.2053973515,"Marginal"
55,"aerial",0,3421.3907604464,3371.4684120944,854.501695449291,8490.30539649191,17744.3227295228,11756.0884381814,12856.7400448824,10319.3780365913,9843.18090229839,9335.00746229273,7108.04633933631,7557.11647929286,13,102657.54669688,"Standard"
127,"psna",0,72804.7059962292,61206.5089357594,43934.0425443632,38566.3752350824,32417.5785081167,25909.0600938914,23295.6878802377,21246.7712098092,17480.3174389262,16698.4836505466,16828.8465369729,14871.8862214555,13,385260.26425139,"Standard"
128,"psna",0.0628210353439103,13704.0304767895,14333.8045649919,6945.10146658248,12716.5488999736,12392.89443475,9227.28191776416,13260.5789492114,12536.4168993681,12424.6093096379,12083.7406357285,10936.386446792,11994.7158962236,10,142556.109897813,"Standard"
131,"psna",0,0,0,0,0,0,0,0,0,0,0,0,0,15,0,"Inactive"
121,"psna",3.36003391451734,112602.781381193,84679.6980627145,74131.974266854,67783.3135592188,69135.7381262643,68748.8950834403,67021.5289365647,70466.8024536882,57755.1188252455,74354.8299598372,64865.6816364497,62439.3279090401,9,873985.690200511,"High"
100,"aerial",1.3576809228717,5021.4469436993,3976.93943973421,1140.87148453767,16010.0997712968,60756.8863742406,31705.3199834015,36462.7734805612,27981.7516415756,22938.9182009964,21035.7001259119,18114.7545541793,17023.4572459704,11,262168.919246105,"Standard"
60,"aerial",0.808377396053815,4714.74101370581,4133.31646153281,1057.25747218513,85.3097060402447,89002.5764303205,62130.2589513117,96209.6057727723,70694.5778327994,60887.647023457,56121.9395635281,41074.5264140515,37656.1593535595,14,523767.915995264,"Standard"
111,"psna",0,7148.63133879822,6919.64283191206,1186.41632492835,13117.2745148006,106723.073389485,47227.6955776567,64569.2044962144,62784.1073237179,53521.9329153029,45811.6332622339,40315.1178312775,36774.2058915194,13,486098.935697846,"Standard"
89,"aerial",0.559494640471047,5177.99884076737,4359.52414739579,4863.38929261808,4973.2590835731,5688.39080437298,4829.49897175174,2306.58448969052,2323.87228173318,1852.73921600948,2996.1295158929,1880.58660136442,2010.34558151049,12,43262.31882668,"Standard"
46,"aerial",1.13217667199083,14531.1940214975,11575.3245233091,13442.2484998597,8840.80898226417,0,1378.99834907488,12347.9364800734,37184.2568933159,21463.7291251902,16258.6939218408,10376.5697916122,3079.15362540088,12,150478.914213439,"Standard"
104,"psna",1.09347912524888,42568.7210915157,24486.7953700869,32344.0221590974,47747.3867964954,47047.693373489,32201.563968701,28096.419780012,21730.4889346082,21470.5556791466,32205.644492153,16422.612935529,25274.160661864,10,371596.065242698,"Standard"
103,"psna",0.552082884193268,115064.970802793,96182.2135172046,95685.3236739611,75723.4537836239,80538.6917690508,71160.6836497829,66763.1007029719,56151.2576792499,63079.2323442241,64756.1448009256,56919.3805565262,54187.7230109952,7,896212.176291309,"High"
116,"psna",0,9302.49731385282,6689.02080619867,7812.72001184432,6566.96881647343,6075.13291122374,6731.62501538675,5923.29147833705,5616.8278376626,4776.96545802261,4805.01571050595,3301.41919730837,8016.99091579256,12,75618.4754726089,"Standard"
160,"psnb",3.02730934860382,223256.466150275,182388.089147015,176598.535879217,167126.721565455,103531.019374292,184788.972365623,177748.872836854,151220.317036097,121536.000468944,115877.964137389,103967.807035876,106495.480224012,6,1814536.24622105,"High"
150,"psna",0.823303228693858,154799.229156516,126141.665261771,134943.404017531,104005.26535147,94954.9935923312,29698.9694520374,59354.4764623328,48689.0252994641,44831.344889021,45917.1339656541,39766.8612865218,27126.5503764377,9,910228.919111088,"High"
123,"psna",0,8017.21929982074,6595.74819386586,6426.61113195871,6418.98035506277,6348.84361788103,5862.16797042191,5929.1013531014,6075.14308598312,5668.22946854518,4769.79388925924,5389.56274121436,5381.61189565645,12,72883.0130027708,"Standard"
69,"aerial",2.12903479300642,2591.14510903928,2095.60592024128,2147.25658231211,1748.67402801167,3346.9942489959,2080.92520567697,2591.7475904841,2568.0883092551,1942.13917450221,3027.29758665485,1978.23229925095,1755.7364967445,12,27873.8425511689,"Marginal"
64,"aerial",2.19012808995382,9469.03799872132,8188.41805752541,9623.79392452686,10091.8725046021,8769.63211574807,8694.0435753824,8857.59949901264,8445.96588281497,8554.06422373907,8815.24674394209,7511.55449384427,9256.38151786798,11,106277.610537727,"Standard"
48,"aerial",0.379500807411265,11166.8203690034,2491.73633527348,10635.2639707232,7794.10481160908,7789.00738692799,7523.36501660843,7260.64953767895,7020.9691511618,6359.09715279858,6743.1782486133,5846.68759863777,6098.05668739416,10,86728.9362664301,"Standard"
50,"aerial",0,10043.6788530697,8182.78543894783,9789.06976293804,7868.90466228255,9194.94427515505,8103.00268349056,8048.46668920425,7336.63329115333,7836.73120881784,8120.89426158743,8210.42495466071,8384.35069791016,10,101119.886779217,"Standard"
57,"aerial",2.68816991279365,1671.98947056108,0,0,0,786.82546440807,11789.4416434853,5113.62126555641,7258.0101519141,6371.04310458662,4820.23574919459,4341.66703815431,0,11,42152.8338878604,"Standard"
28,"aerial",1.25187268830073,3012.93174763346,2869.88323599093,2861.23134305736,2352.02242643859,2308.9270975445,1744.00201492051,1004.15011659747,1993.76890607336,3689.51262399924,2445.7519302489,1718.54817060003,3104.28553215133,11,29105.0151452557,"Marginal"
110,"psna",4.08389566995174,24303.6088821828,19802.704237215,20433.312848204,16092.2952018993,21945.6450038595,19394.5155777386,20555.1774700497,20152.2194852461,17766.1548943359,21071.4796915906,13267.1238470732,22886.7651629376,10,237671.002302332,"Standard"
101,"psna",0.0645189169526878,39449.3771499,39196.9503392067,40629.5489544111,37107.4514932733,34708.3194220818,31500.3338922178,32952.0374690847,31198.2662527482,32266.0432788102,31476.100864875,31418.6872691862,33192.8149538528,5,415095.931339648,"Standard"
135,"psna",4.87990824678338,79335.798708204,59335.2795868581,57796.0505816914,68313.8037609061,65303.8883997477,38916.1404744416,40731.9938643979,35227.9952777105,30311.2503360252,40899.4813752752,57846.8406151336,11671.5652814403,7,585690.088261832,"Standard"
30,"aerial",1.29571715847,3658.85117779808,3295.78699670863,3834.85572469434,3267.4386689238,3389.44840761931,3510.61189266903,3685.90921126008,3345.56083378646,3302.38555583887,3535.42627109194,3174.9371421266,3170.39193057628,11,41171.6038130934,"Standard"
58,"aerial",0,4295.61870658317,4244.36741138779,5261.55362752496,4888.41318985775,5195.34677392061,4974.82442396602,4584.43274910739,4962.77760817448,4644.43916228493,4480.61669666687,4405.83415887185,4418.66803232374,11,56356.8925406696,"Standard"
124,"psna",0.216522673604525,97049.7912851685,84154.5954279662,87534.5561981879,87268.2883661201,83841.3685533146,78404.7072708288,68106.4442248498,74716.1710485617,65673.7558696662,74894.5234366633,72132.3639051408,72394.4964654938,6,946171.062051962,"High"
138,"psna",2.4078534719533,33957.3848529822,56443.0444053996,53924.6065782192,55327.6083535877,46454.3921123732,45060.7295190349,39727.4757783493,29906.2020788566,52135.8183757552,49066.549639763,37198.6546676843,54010.638551363,6,553213.104913368,"Standard"
122,"psna",0,212199.809716485,167914.018736312,194721.948632836,173173.09797374,173794.98189628,148984.469619094,178082.164182467,185266.225698859,180151.09829116,179276.640293344,152411.031687725,154992.893517171,5,2100968.38024547,"High"
108,"psna",0.097035024120941,729355.773518172,671986.317286398,626000.260812513,581517.699604625,588192.084047598,565369.330639213,464510.437605877,532147.643531866,450814.578731354,420236.186508409,386627.93657791,209295.642423716,2,6226053.89128765,"High"
149,"psna",0,631636.366338114,522649.383183464,497433.40705555,443780.355360061,501191.742619526,392295.726433496,389806.885116824,343071.737040512,324615.67551695,303999.943704213,279755.725914363,283734.57157245,2,4913971.51985552,"High"
129,"psna",0.104841612143868,0,611831.605832594,1312703.67292248,1329997.60032026,1300853.73554264,1039895.80247125,1184833.84944056,999605.135675567,955996.434141075,829853.894189785,732648.074252222,705579.447699393,1,11003799.2524878,"High"
54,"aerial",0.542978636855226,1126.79117861907,1562.89136786877,1855.63399706369,2755.75860981759,2039.6653737207,2843.61014672131,1737.55169319022,1383.15820590866,1131.71765993008,1804.30488690533,1900.31681443878,2036.85214320235,15,22178.2520773865,"Marginal"
81,"aerial",0.588847670934699,0,88.4484608131321,40.143880375411,58.5152430080921,41.8168085024183,59.4617063065357,40.3162940611074,47.5372832234045,0,62.2536285199258,0,115.529678527048,14,554.022983337075,"Marginal"
119,"psna",1.65187747649496,404040.193674956,344273.331784214,329673.387171343,332356.183409658,315636.403114983,245192.347245095,259813.933371283,241403.525920121,198489.062410148,211307.313343682,192680.702448438,173020.377839752,8,3247886.76173367,"High"
165,"psnb",0,42943.0568339471,31261.8544500901,34708.5834303086,31626.7226876114,33852.4883077783,31476.445377672,33182.9389757086,33411.9128290411,32938.534479522,30782.0936165006,28648.8058496615,30732.3370443537,10,395565.773882195,"Standard"
3,"aerial",1.70465613073295,0,4718.73591696605,19423.6661510253,8899.30604703658,7082.61630642824,5385.85063389109,6073.3245548849,4777.70404921142,4106.21731903381,4234.31023982637,4358.88488733817,4985.78767298808,14,74046.40377863,"Standard"
38,"aerial",1.02165520918007,0,0,0,0,0,21.6509571854433,75.1585152519957,85.0050576982079,143.391764337017,92.2355194889894,0,0,15,417.441813961653,"Marginal"
133,"psna",3.90810515946562,9647.18437749091,12883.5095568837,4991.69150559614,10901.8472181626,5485.31546115356,9674.14411044895,3973.07746560199,10433.6538413433,3310.7462836678,6389.09127943125,13237.7344255755,11280.6923952576,10,102208.687920613,"Standard"
141,"psna",0,3062.79696012958,2575.11233958113,3009.73208721745,2464.3501443932,2311.76934859221,1601.37382254199,2344.70111181962,2224.13009533698,2547.04194511388,2550.08348911541,2090.06780710747,2858.16791881274,14,29639.3270697616,"Marginal"
112,"psna",0.531363387269178,104795.801851866,74648.8767366721,97404.9175212673,82902.9317692713,95072.9402654404,91505.269585499,95005.5459144953,82372.5115556108,74205.30025919,91970.1891924577,79300.4498832576,74693.1815223375,10,1043877.91605736,"High"
106,"psna",1.08577643312348,71391.8168329099,55153.2750790256,57918.5569573572,46340.0675316782,42981.1082018138,38396.3726286335,36115.610857649,33227.0674964484,28664.1754234054,31102.2920657324,30108.046031657,27240.4327197339,15,498638.821826044,"Standard"
132,"psna",1.03410446663873,31374.6750084813,19726.7515708286,22716.5097539547,19992.046327556,19800.6262418631,15509.0436492837,15527.4605618632,14751.5997791104,13528.8905016926,12754.4146841865,9848.30540968535,11413.2317805629,14,206943.555269068,"Standard"
56,"aerial",0,5048.02235984434,4770.58764997492,4536.77926684167,4422.19509523594,4947.37614880781,4522.32703370504,4732.92987784667,5151.42382056881,4638.13430973525,4815.10152616333,4573.89256882674,4660.83949504904,14,56819.6091525995,"Standard"
91,"aerial",0,0,0,0,0,0,0,0,0,0,0,0,0,13,0,"Inactive"
82,"aerial",3.08799317381432,5249.42397160178,5035.52226865913,5051.71390085493,4291.28178871141,4663.09570363783,4082.28988905665,4453.41648853721,4187.80896082228,4132.79374835281,5750.61711756965,4259.12821695424,4339.68433668867,13,55496.7763914466,"Standard"
16,"aerial",3.10626308917961,2366.45690607007,1953.25198670622,2046.17211729423,2016.29713204425,1917.99278586828,2098.54769944323,2013.08559862365,1847.94431902169,1505.93069087616,1764.30748183913,738.336008043879,2353.51655063238,14,22621.8392764632,"Marginal"
9,"aerial",0.04227477506529,3791.23690147946,2804.27566111103,3230.37906893343,2069.33061275445,2013.17961169243,2022.78512005245,1714.87713460947,1742.58471053466,1524.44708253258,1534.05704650689,1590.77692763453,1596.44238813711,14,25634.3722659785,"Marginal"
134,"psna",3.55004895825892,122948.278791091,93682.45441413,81580.9734948992,88664.0255684631,85248.6612012212,79481.0986587498,78980.7689472248,78012.7482857666,82729.8650010505,79383.4892150732,77493.4024729284,73748.28386446,10,1021954.04991506,"High"
74,"aerial",0,1393.29925990909,1154.58866264206,1307.47150174681,1367.61733532362,1359.6418358557,1266.09109939286,806.135249339804,1239.98037930368,499.704955154007,583.791603990465,448.529644060965,1501.43234728311,14,12928.2838740022,"Marginal"
39,"aerial",1.96998210588955,7250.08887910902,6385.38106572187,6996.2624342801,6831.15008037826,6370.94282307678,6865.43968116289,6051.81146120684,6917.60473343521,6517.11515690916,6860.9430315195,6585.34870752822,6912.78670365352,12,80544.8747579814,"Standard"
5,"aerial",0,2838.52646653444,1130.36061498901,1409.7959973391,2283.30972914205,1484.11707533516,1706.27017495096,1827.48170233863,1455.8907211058,1070.13185718138,173.273404993203,2076.40580510765,1332.99341789778,15,18788.5569669152,"Marginal"
109,"psna",1.14128478502688,17863.5482723888,19921.8041960452,19024.4460498048,21176.5096401636,18417.2611393501,15922.016010525,17597.1291090105,17700.7624807784,15640.3018426988,18998.2924669774,15950.7628501614,16027.0530587951,11,214239.887116699,"Standard"
107,"psna",1.09613396177387,0,0,0,0,0,0,0,0,0,0,0,0,13,0,"Inactive"
143,"psna",0,69135.3014103827,51365.1017722732,52083.9554933174,42731.4228669469,44432.0166730672,36577.3515018989,35319.3177677638,32309.404961818,27488.0187821639,26753.7600907247,25529.9864727483,24550.3222981713,14,468275.960091276,"Standard"
96,"aerial",0.048558036876528,2501.61221388615,2414.37039569456,2504.7663065133,2236.60524505033,1662.58148808541,2317.24939656481,2011.79492902934,2265.32614195882,2133.14977327756,2512.60340196018,3073.80480032602,3231.80030584838,13,28865.6643981949,"Marginal"
86,"aerial",1.20225779845397,975.739955060566,340.92706438806,993.193770739522,142.508640777418,70.2300240117785,246.846184950998,579.612160658937,3018.20414358191,1907.81977446842,1599.50648437366,981.044013970231,999.23562699226,14,11854.8678439738,"Marginal"
139,"psna",1.01085983272671,2419.92145706526,2281.9998485357,1671.29928664732,1836.17322756329,2791.65502120107,1795.4531483395,1929.09235959918,2041.7705795795,1718.17241526859,1855.27953524941,13.2997838016675,2116.18785118991,14,22470.3045140404,"Marginal"
18,"aerial",0,0,0,0,0,0,0,0,0,0,0,0,0,14,0,"Inactive"
144,"psna",1.72596551804064,7299.36159882677,6845.43934122538,10965.9219897602,14340.5073900871,30996.0005482198,16386.599365255,8356.23494341269,5039.76601636203,308.902655770444,0,36340.1080772942,33408.2366869365,10,170287.07861315,"Standard"
2,"aerial",1.33681245681271,632.581319368036,619.669806173389,590.607189104503,466.323898372221,522.161954736731,717.649656700415,650.179960853184,737.634536290736,466.243519614811,614.972404439469,437.232149581092,496.27051173109,14,6951.52690696568,"Marginal"
12,"aerial",0,7255.53769441875,6043.33701964704,6444.49787986543,5905.08404672385,5265.81637015645,5361.09206607639,4420.7767115284,1806.05124413306,7571.67323875248,1566.86443898148,9865.8296051952,6329.49610894876,13,67836.0564244273,"Standard"
117,"psna",0.866746804094757,18221.7492245694,32808.8638698448,35377.6417493116,33516.4566789247,20359.1272318198,21017.6632718494,33632.4567473271,36971.5202585985,31436.7384134165,30928.7601024833,32573.5483578878,31383.8212582208,10,358228.347164254,"Standard"
102,"psna",0.999743494385028,722.1457224721,631.048225689796,764.519581084775,786.299693967874,739.290236484778,729.498928592563,728.267434937062,680.754051999441,706.383448712798,669.884065159577,684.623542102824,809.782873660195,14,8652.49780486378,"Marginal"
148,"psna",1.81184701665405,2422.98317955843,1823.23272870439,3454.60820055769,3699.60423240812,2304.24890013024,1388.6216504933,1788.02169124568,4596.56858302757,3452.12515535075,3735.8646398272,3281.22864917814,3220.41144618042,13,35167.5190566619,"Standard"
73,"aerial",0,2149.95689586283,2212.65206664867,1624.91300715467,816.134608137181,1047.08577066088,34.5973233253763,94.2337507968987,123.980045610433,6.57736536413356,0,0,3118.0709660647,15,11228.2017996258,"Marginal"
95,"aerial",0.242477110027392,4619.98023141987,4203.59949390605,2952.81488217274,2624.88162534295,2636.16987285463,2156.87086134011,2397.40750147312,2479.65822777924,2670.24767917901,2585.86040264489,2397.53698080083,1192.00279324135,14,32917.0305521548,"Standard"
140,"psna",4.13827031949282,62617.8352835831,56555.6062742255,63612.3346028584,65005.3611538782,71790.4707284028,55530.1024017537,73920.5535237491,63357.0431952909,52774.5236721685,61173.9419107283,52204.1376453716,58445.4569957633,10,736987.367387773,"High"
21,"aerial",1.34537726846825,215.254056421951,209.229045384366,98.6445581807612,111.801478313572,12.5274004668382,0,29120.8136887526,12050.837415179,9786.33129416016,6883.3363521799,9554.14639691238,7421.3477554662,15,75464.2694414177,"Standard"
115,"psna",0.0684802317336136,47082.6858548901,40272.0594841975,43423.3615130959,43680.8266727679,44616.9854609489,36539.8240086866,43118.7174183391,42277.066228113,37312.524226166,37189.5113078622,40044.3019829294,39997.579783548,11,495555.443941545,"Standard"
35,"aerial",1.16486951286306,208.702093005924,201.815385505919,192.284327172079,322.197850544834,248.086959777732,365.574963014418,373.13823634586,347.270936996748,354.956164414563,188.313273598298,453.022472791104,567.800719653979,14,3823.16338282146,"Marginal"
78,"aerial",2.08393677998371,3492.35925001793,6338.65596317486,3213.87967464843,3371.5762775559,3410.47630036238,2899.4927179404,1824.08675993549,2130.69768085842,1778.90230821559,1857.98732978015,1801.8015270825,1969.51225528178,15,34089.4280448538,"Standard"
125,"psna",0.890452183272051,126799.568192126,112369.632213632,122274.616886178,110652.14392608,107722.162993174,98074.1839685772,96094.9954955192,94574.0971766147,87144.8052570929,89214.9276749949,85165.6307125543,81915.140764479,7,1212001.90526102,"High"
177,"psnb",1.70458340239344,103980.64385996,95353.3986128916,93985.6809758361,92252.6491917194,93132.3607154213,85002.7513738993,82941.1348604988,77429.4868705074,77975.595163605,77994.3377234595,73485.6433523028,71873.9770510541,9,1025407.65975116,"High"
37,"aerial",1.53577194985247,1525.85004213494,1295.29842158292,1693.3644280321,1467.1149242414,1677.40553366632,1371.26017474393,1508.06626231488,1411.39683351279,1280.0872408738,1323.56416773284,1282.10822673496,1012.07868788918,15,16847.5949434601,"Marginal"
98,"aerial",2.57015860134084,44072.286684415,30650.7272361956,28757.7427251124,26042.248217983,23943.7651058246,22369.6226826038,19819.2031985021,18155.1311915322,16268.4482633342,15454.8295227281,14163.6671641189,12950.2376157106,15,272647.90960806,"Standard"
70,"aerial",1.00702676778103,4865.70106548386,4778.16725829767,3128.90035552528,2749.5947498965,4719.48663136967,3972.05354781396,3566.95504522998,3667.0654964762,3129.2313827759,2878.36360996333,4120.58281386305,3108.99581279739,13,44685.0977694928,"Standard"
36,"aerial",1.7677414879847,4783.96596394527,4225.17627685598,1283.36462099791,5105.20605552433,1232.39762646229,1045.5131056647,0,0,0,0,909.066313257017,0,13,18584.6899627075,"Marginal"
